value,score,parameter
1.1545754209816927,-3757.358685066449,size
1.1545754209816927,-3757.358685066449,size
1.1545754209816927,-3757.358685066449,size
1.1545754209816927,-3757.358685066449,size
1.1545754209816927,-3757.358685066449,size
1.1545754209816927,-3757.358685066449,size
1.1545754209816927,-3757.358685066449,size
1.1545754209816927,-3757.358685066449,size
1.1545754209816927,-3757.358685066449,size
1.1545754209816927,-3757.358685066449,size
1.1545754209816927,-3757.358685066449,size
1.1545754209816927,-3757.358685066449,size
1.1545754209816927,-3757.358685066449,size
1.1545754209816927,-3757.358685066449,size
1.1545754209816927,-3757.358685066449,size
1.1545754209816927,-3757.358685066449,size
1.1545754209816927,-3757.358685066449,size
1.1545754209816927,-3757.358685066449,size
1.1545754209816927,-3757.358685066449,size
1.1545754209816927,-3757.358685066449,size
1.1545754209816927,-3757.358685066449,size
1.1545754209816927,-3757.358685066449,size
1.1545754209816927,-3757.358685066449,size
1.0136562001969742,-3757.4521253027438,size
1.0136562001969742,-3757.4521253027438,size
1.0136562001969742,-3757.4521253027438,size
1.0136562001969742,-3757.4521253027438,size
1.0136562001969742,-3757.4521253027438,size
1.0136562001969742,-3757.4521253027438,size
1.0136562001969742,-3757.4521253027438,size
1.0136562001969742,-3757.4521253027438,size
1.0136562001969742,-3757.4521253027438,size
1.0136562001969742,-3757.4521253027438,size
1.0136562001969742,-3757.4521253027438,size
1.0136562001969742,-3757.4521253027438,size
1.0136562001969742,-3757.4521253027438,size
1.0136562001969742,-3757.4521253027438,size
1.0136562001969742,-3757.4521253027438,size
1.0136562001969742,-3757.4521253027438,size
1.0136562001969742,-3757.4521253027438,size
1.0136562001969742,-3757.4521253027438,size
1.0136562001969742,-3757.4521253027438,size
1.0136562001969742,-3757.4521253027438,size
1.0136562001969742,-3757.4521253027438,size
1.0136562001969742,-3757.4521253027438,size
1.0136562001969742,-3757.4521253027438,size
1.0136562001969742,-3757.4521253027438,size
1.167387107576122,-3757.424591816882,size
1.167387107576122,-3757.424591816882,size
1.167387107576122,-3757.424591816882,size
1.167387107576122,-3757.424591816882,size
1.167387107576122,-3757.424591816882,size
1.167387107576122,-3757.424591816882,size
1.167387107576122,-3757.424591816882,size
1.167387107576122,-3757.424591816882,size
1.167387107576122,-3757.424591816882,size
1.167387107576122,-3757.424591816882,size
1.167387107576122,-3757.424591816882,size
1.167387107576122,-3757.424591816882,size
1.167387107576122,-3757.424591816882,size
1.167387107576122,-3757.424591816882,size
1.167387107576122,-3757.424591816882,size
1.167387107576122,-3757.424591816882,size
1.167387107576122,-3757.424591816882,size
1.167387107576122,-3757.424591816882,size
1.1691005830496093,-3757.4343264439062,size
1.1691005830496093,-3757.4343264439062,size
1.1691005830496093,-3757.4343264439062,size
1.1691005830496093,-3757.4343264439062,size
1.1691005830496093,-3757.4343264439062,size
1.1691005830496093,-3757.4343264439062,size
1.1691005830496093,-3757.4343264439062,size
1.1691005830496093,-3757.4343264439062,size
1.1691005830496093,-3757.4343264439062,size
1.1691005830496093,-3757.4343264439062,size
1.1691005830496093,-3757.4343264439062,size
1.1691005830496093,-3757.4343264439062,size
1.1691005830496093,-3757.4343264439062,size
1.1691005830496093,-3757.4343264439062,size
1.1691005830496093,-3757.4343264439062,size
1.1691005830496093,-3757.4343264439062,size
1.1691005830496093,-3757.4343264439062,size
1.1691005830496093,-3757.4343264439062,size
1.1691005830496093,-3757.4343264439062,size
1.1691005830496093,-3757.4343264439062,size
1.1691005830496093,-3757.4343264439062,size
1.1691005830496093,-3757.4343264439062,size
1.1691005830496093,-3757.4343264439062,size
1.1691005830496093,-3757.4343264439062,size
1.1691005830496093,-3757.4343264439062,size
1.1691005830496093,-3757.4343264439062,size
1.1691005830496093,-3757.4343264439062,size
1.1691005830496093,-3757.4343264439062,size
1.1691005830496093,-3757.4343264439062,size
1.1691005830496093,-3757.4343264439062,size
1.1691005830496093,-3757.4343264439062,size
1.1691005830496093,-3757.4343264439062,size
1.1691005830496093,-3757.4343264439062,size
1.1691005830496093,-3757.4343264439062,size
1.1691005830496093,-3757.4343264439062,size
1.1691005830496093,-3757.4343264439062,size
1.1691005830496093,-3757.4343264439062,size
1.1691005830496093,-3757.4343264439062,size
1.1691005830496093,-3757.4343264439062,size
1.1691005830496093,-3757.4343264439062,size
1.1691005830496093,-3757.4343264439062,size
1.1691005830496093,-3757.4343264439062,size
1.1691005830496093,-3757.4343264439062,size
1.1691005830496093,-3757.4343264439062,size
1.1691005830496093,-3757.4343264439062,size
1.1691005830496093,-3757.4343264439062,size
1.1691005830496093,-3757.4343264439062,size
1.1691005830496093,-3757.4343264439062,size
1.1691005830496093,-3757.4343264439062,size
1.1691005830496093,-3757.4343264439062,size
1.1691005830496093,-3757.4343264439062,size
1.1691005830496093,-3757.4343264439062,size
1.1691005830496093,-3757.4343264439062,size
1.1691005830496093,-3757.4343264439062,size
1.1691005830496093,-3757.4343264439062,size
1.1691005830496093,-3757.4343264439062,size
1.1691005830496093,-3757.4343264439062,size
1.1691005830496093,-3757.4343264439062,size
1.09848107571111,-3757.214445989189,size
1.09848107571111,-3757.214445989189,size
1.09848107571111,-3757.214445989189,size
1.09848107571111,-3757.214445989189,size
1.01291781869433,-3757.456648024997,size
1.01291781869433,-3757.456648024997,size
1.01291781869433,-3757.456648024997,size
1.01291781869433,-3757.456648024997,size
1.01291781869433,-3757.456648024997,size
1.01291781869433,-3757.456648024997,size
1.01291781869433,-3757.456648024997,size
1.01291781869433,-3757.456648024997,size
1.01291781869433,-3757.456648024997,size
1.01291781869433,-3757.456648024997,size
1.01291781869433,-3757.456648024997,size
1.01291781869433,-3757.456648024997,size
1.01291781869433,-3757.456648024997,size
1.01291781869433,-3757.456648024997,size
1.01291781869433,-3757.456648024997,size
1.2089267162590576,-3757.7212636295358,size
1.2089267162590576,-3757.7212636295358,size
1.2089267162590576,-3757.7212636295358,size
1.2089267162590576,-3757.7212636295358,size
1.2089267162590576,-3757.7212636295358,size
1.2089267162590576,-3757.7212636295358,size
1.2089267162590576,-3757.7212636295358,size
1.2089267162590576,-3757.7212636295358,size
1.2089267162590576,-3757.7212636295358,size
0.8591003061002495,-3759.3483046842457,size
0.8591003061002495,-3759.3483046842457,size
0.8591003061002495,-3759.3483046842457,size
0.8591003061002495,-3759.3483046842457,size
0.8591003061002495,-3759.3483046842457,size
0.8591003061002495,-3759.3483046842457,size
0.8591003061002495,-3759.3483046842457,size
0.8591003061002495,-3759.3483046842457,size
0.8591003061002495,-3759.3483046842457,size
0.8591003061002495,-3759.3483046842457,size
0.8591003061002495,-3759.3483046842457,size
0.8591003061002495,-3759.3483046842457,size
0.8591003061002495,-3759.3483046842457,size
0.8591003061002495,-3759.3483046842457,size
0.8591003061002495,-3759.3483046842457,size
0.8591003061002495,-3759.3483046842457,size
0.8591003061002495,-3759.3483046842457,size
0.8591003061002495,-3759.3483046842457,size
0.8591003061002495,-3759.3483046842457,size
0.8591003061002495,-3759.3483046842457,size
0.8591003061002495,-3759.3483046842457,size
0.8591003061002495,-3759.3483046842457,size
0.8591003061002495,-3759.3483046842457,size
0.8591003061002495,-3759.3483046842457,size
0.8591003061002495,-3759.3483046842457,size
1.2356938770546118,-3757.978835389846,size
1.2356938770546118,-3757.978835389846,size
1.2356938770546118,-3757.978835389846,size
1.2356938770546118,-3757.978835389846,size
1.2356938770546118,-3757.978835389846,size
1.2356938770546118,-3757.978835389846,size
1.2356938770546118,-3757.978835389846,size
1.2356938770546118,-3757.978835389846,size
1.2356938770546118,-3757.978835389846,size
1.2356938770546118,-3757.978835389846,size
1.2356938770546118,-3757.978835389846,size
1.2312704780514392,-3757.932715076516,size
1.2312704780514392,-3757.932715076516,size
1.2312704780514392,-3757.932715076516,size
1.2312704780514392,-3757.932715076516,size
1.2312704780514392,-3757.932715076516,size
1.2312704780514392,-3757.932715076516,size
1.2312704780514392,-3757.932715076516,size
1.2312704780514392,-3757.932715076516,size
1.2312704780514392,-3757.932715076516,size
1.2312704780514392,-3757.932715076516,size
1.2312704780514392,-3757.932715076516,size
1.2312704780514392,-3757.932715076516,size
1.2312704780514392,-3757.932715076516,size
1.2312704780514392,-3757.932715076516,size
1.2312704780514392,-3757.932715076516,size
1.2312704780514392,-3757.932715076516,size
1.2312704780514392,-3757.932715076516,size
1.2312704780514392,-3757.932715076516,size
1.2312704780514392,-3757.932715076516,size
1.2312704780514392,-3757.932715076516,size
1.2312704780514392,-3757.932715076516,size
1.2312704780514392,-3757.932715076516,size
1.2312704780514392,-3757.932715076516,size
1.2312704780514392,-3757.932715076516,size
1.2312704780514392,-3757.932715076516,size
1.2312704780514392,-3757.932715076516,size
1.2312704780514392,-3757.932715076516,size
1.2312704780514392,-3757.932715076516,size
1.2312704780514392,-3757.932715076516,size
1.2312704780514392,-3757.932715076516,size
1.2312704780514392,-3757.932715076516,size
1.2312704780514392,-3757.932715076516,size
1.2312704780514392,-3757.932715076516,size
1.2312704780514392,-3757.932715076516,size
1.2312704780514392,-3757.932715076516,size
1.2312704780514392,-3757.932715076516,size
1.2312704780514392,-3757.932715076516,size
1.2312704780514392,-3757.932715076516,size
1.2312704780514392,-3757.932715076516,size
1.2312704780514392,-3757.932715076516,size
1.2312704780514392,-3757.932715076516,size
1.2312704780514392,-3757.932715076516,size
1.2312704780514392,-3757.932715076516,size
1.2312704780514392,-3757.932715076516,size
1.2312704780514392,-3757.932715076516,size
1.2312704780514392,-3757.932715076516,size
1.2312704780514392,-3757.932715076516,size
1.2312704780514392,-3757.932715076516,size
1.2312704780514392,-3757.932715076516,size
1.2312704780514392,-3757.932715076516,size
1.2312704780514392,-3757.932715076516,size
1.2312704780514392,-3757.932715076516,size
1.2312704780514392,-3757.932715076516,size
1.2312704780514392,-3757.932715076516,size
1.2312704780514392,-3757.932715076516,size
1.2312704780514392,-3757.932715076516,size
1.2312704780514392,-3757.932715076516,size
1.2312704780514392,-3757.932715076516,size
1.2312704780514392,-3757.932715076516,size
1.2312704780514392,-3757.932715076516,size
1.2312704780514392,-3757.932715076516,size
1.2312704780514392,-3757.932715076516,size
1.2312704780514392,-3757.932715076516,size
1.2312704780514392,-3757.932715076516,size
1.2312704780514392,-3757.932715076516,size
1.2312704780514392,-3757.932715076516,size
1.2312704780514392,-3757.932715076516,size
1.2312704780514392,-3757.932715076516,size
1.2312704780514392,-3757.932715076516,size
1.2312704780514392,-3757.932715076516,size
1.2312704780514392,-3757.932715076516,size
1.2312704780514392,-3757.932715076516,size
1.2312704780514392,-3757.932715076516,size
1.2312704780514392,-3757.932715076516,size
1.2312704780514392,-3757.932715076516,size
1.2312704780514392,-3757.932715076516,size
1.2312704780514392,-3757.932715076516,size
1.2312704780514392,-3757.932715076516,size
1.2312704780514392,-3757.932715076516,size
1.2312704780514392,-3757.932715076516,size
1.2312704780514392,-3757.932715076516,size
1.2312704780514392,-3757.932715076516,size
1.2312704780514392,-3757.932715076516,size
1.2312704780514392,-3757.932715076516,size
1.2312704780514392,-3757.932715076516,size
1.2312704780514392,-3757.932715076516,size
1.2312704780514392,-3757.932715076516,size
1.2312704780514392,-3757.932715076516,size
1.2312704780514392,-3757.932715076516,size
1.2312704780514392,-3757.932715076516,size
1.2312704780514392,-3757.932715076516,size
1.2312704780514392,-3757.932715076516,size
1.2312704780514392,-3757.932715076516,size
1.2312704780514392,-3757.932715076516,size
1.2312704780514392,-3757.932715076516,size
1.2312704780514392,-3757.932715076516,size
1.2312704780514392,-3757.932715076516,size
1.2312704780514392,-3757.932715076516,size
1.2312704780514392,-3757.932715076516,size
1.2312704780514392,-3757.932715076516,size
1.2312704780514392,-3757.932715076516,size
1.2312704780514392,-3757.932715076516,size
1.2312704780514392,-3757.932715076516,size
1.2312704780514392,-3757.932715076516,size
1.2312704780514392,-3757.932715076516,size
1.2312704780514392,-3757.932715076516,size
1.2312704780514392,-3757.932715076516,size
1.2312704780514392,-3757.932715076516,size
1.2312704780514392,-3757.932715076516,size
1.2312704780514392,-3757.932715076516,size
1.2312704780514392,-3757.932715076516,size
1.2312704780514392,-3757.932715076516,size
1.2312704780514392,-3757.932715076516,size
1.2312704780514392,-3757.932715076516,size
1.2312704780514392,-3757.932715076516,size
1.2312704780514392,-3757.932715076516,size
1.2312704780514392,-3757.932715076516,size
1.1323634814146042,-3757.2733303725195,size
1.1323634814146042,-3757.2733303725195,size
1.1323634814146042,-3757.2733303725195,size
1.1323634814146042,-3757.2733303725195,size
1.1323634814146042,-3757.2733303725195,size
1.1323634814146042,-3757.2733303725195,size
1.1323634814146042,-3757.2733303725195,size
1.1323634814146042,-3757.2733303725195,size
1.1323634814146042,-3757.2733303725195,size
1.1323634814146042,-3757.2733303725195,size
1.1323634814146042,-3757.2733303725195,size
1.337637027354719,-3759.424183209571,size
1.337637027354719,-3759.424183209571,size
1.337637027354719,-3759.424183209571,size
1.337637027354719,-3759.424183209571,size
1.0652595245800356,-3757.241389398647,size
1.0652595245800356,-3757.241389398647,size
1.0652595245800356,-3757.241389398647,size
1.0652595245800356,-3757.241389398647,size
1.0652595245800356,-3757.241389398647,size
1.0652595245800356,-3757.241389398647,size
1.0652595245800356,-3757.241389398647,size
1.0652595245800356,-3757.241389398647,size
1.0652595245800356,-3757.241389398647,size
1.0652595245800356,-3757.241389398647,size
1.0652595245800356,-3757.241389398647,size
1.0652595245800356,-3757.241389398647,size
1.0652595245800356,-3757.241389398647,size
1.0652595245800356,-3757.241389398647,size
1.0652595245800356,-3757.241389398647,size
1.0652595245800356,-3757.241389398647,size
1.0652595245800356,-3757.241389398647,size
1.0652595245800356,-3757.241389398647,size
1.0652595245800356,-3757.241389398647,size
1.0652595245800356,-3757.241389398647,size
1.0652595245800356,-3757.241389398647,size
1.0652595245800356,-3757.241389398647,size
1.0652595245800356,-3757.241389398647,size
1.0652595245800356,-3757.241389398647,size
1.0652595245800356,-3757.241389398647,size
1.0652595245800356,-3757.241389398647,size
1.0652595245800356,-3757.241389398647,size
1.0652595245800356,-3757.241389398647,size
1.0652595245800356,-3757.241389398647,size
1.0652595245800356,-3757.241389398647,size
1.0652595245800356,-3757.241389398647,size
1.0652595245800356,-3757.241389398647,size
1.0652595245800356,-3757.241389398647,size
1.0652595245800356,-3757.241389398647,size
1.0652595245800356,-3757.241389398647,size
1.0652595245800356,-3757.241389398647,size
1.0652595245800356,-3757.241389398647,size
1.0652595245800356,-3757.241389398647,size
1.0652595245800356,-3757.241389398647,size
1.0652595245800356,-3757.241389398647,size
1.0652595245800356,-3757.241389398647,size
1.0652595245800356,-3757.241389398647,size
1.0652595245800356,-3757.241389398647,size
1.0652595245800356,-3757.241389398647,size
1.0652595245800356,-3757.241389398647,size
1.0652595245800356,-3757.241389398647,size
1.0652595245800356,-3757.241389398647,size
1.0652595245800356,-3757.241389398647,size
1.0652595245800356,-3757.241389398647,size
1.0652595245800356,-3757.241389398647,size
1.0652595245800356,-3757.241389398647,size
1.0652595245800356,-3757.241389398647,size
1.0652595245800356,-3757.241389398647,size
1.0652595245800356,-3757.241389398647,size
1.0652595245800356,-3757.241389398647,size
1.0652595245800356,-3757.241389398647,size
1.0652595245800356,-3757.241389398647,size
1.0652595245800356,-3757.241389398647,size
1.0652595245800356,-3757.241389398647,size
1.0652595245800356,-3757.241389398647,size
1.0652595245800356,-3757.241389398647,size
1.0652595245800356,-3757.241389398647,size
1.0652595245800356,-3757.241389398647,size
1.0652595245800356,-3757.241389398647,size
1.0652595245800356,-3757.241389398647,size
1.0652595245800356,-3757.241389398647,size
1.0652595245800356,-3757.241389398647,size
1.0652595245800356,-3757.241389398647,size
1.0652595245800356,-3757.241389398647,size
1.0652595245800356,-3757.241389398647,size
1.0652595245800356,-3757.241389398647,size
1.0652595245800356,-3757.241389398647,size
1.0652595245800356,-3757.241389398647,size
1.0652595245800356,-3757.241389398647,size
1.0652595245800356,-3757.241389398647,size
1.0652595245800356,-3757.241389398647,size
1.0652595245800356,-3757.241389398647,size
1.0652595245800356,-3757.241389398647,size
1.0652595245800356,-3757.241389398647,size
1.0652595245800356,-3757.241389398647,size
1.0652595245800356,-3757.241389398647,size
1.0652595245800356,-3757.241389398647,size
1.0652595245800356,-3757.241389398647,size
1.0652595245800356,-3757.241389398647,size
1.0652595245800356,-3757.241389398647,size
1.0652595245800356,-3757.241389398647,size
1.0652595245800356,-3757.241389398647,size
1.0652595245800356,-3757.241389398647,size
1.0652595245800356,-3757.241389398647,size
1.0652595245800356,-3757.241389398647,size
1.0652595245800356,-3757.241389398647,size
1.0652595245800356,-3757.241389398647,size
1.0652595245800356,-3757.241389398647,size
1.0652595245800356,-3757.241389398647,size
1.0652595245800356,-3757.241389398647,size
1.0652595245800356,-3757.241389398647,size
1.0652595245800356,-3757.241389398647,size
1.1752665413439538,-3757.471147250582,size
1.1752665413439538,-3757.471147250582,size
1.1752665413439538,-3757.471147250582,size
1.1752665413439538,-3757.471147250582,size
1.1752665413439538,-3757.471147250582,size
1.1752665413439538,-3757.471147250582,size
1.1752665413439538,-3757.471147250582,size
1.1752665413439538,-3757.471147250582,size
1.1752665413439538,-3757.471147250582,size
1.1752665413439538,-3757.471147250582,size
1.1752665413439538,-3757.471147250582,size
1.1752665413439538,-3757.471147250582,size
1.1752665413439538,-3757.471147250582,size
1.1752665413439538,-3757.471147250582,size
1.1752665413439538,-3757.471147250582,size
1.1752665413439538,-3757.471147250582,size
1.1752665413439538,-3757.471147250582,size
1.1752665413439538,-3757.471147250582,size
1.1752665413439538,-3757.471147250582,size
1.1752665413439538,-3757.471147250582,size
1.1752665413439538,-3757.471147250582,size
1.1752665413439538,-3757.471147250582,size
1.1752665413439538,-3757.471147250582,size
1.1752665413439538,-3757.471147250582,size
1.1752665413439538,-3757.471147250582,size
1.1752665413439538,-3757.471147250582,size
1.1752665413439538,-3757.471147250582,size
1.1752665413439538,-3757.471147250582,size
1.1752665413439538,-3757.471147250582,size
1.1752665413439538,-3757.471147250582,size
1.1752665413439538,-3757.471147250582,size
1.1752665413439538,-3757.471147250582,size
1.1752665413439538,-3757.471147250582,size
1.1752665413439538,-3757.471147250582,size
1.1752665413439538,-3757.471147250582,size
1.1752665413439538,-3757.471147250582,size
1.1752665413439538,-3757.471147250582,size
1.140811746954972,-3757.3014574396607,size
1.140811746954972,-3757.3014574396607,size
0.8884745672164646,-3758.8391255881547,size
0.8884745672164646,-3758.8391255881547,size
0.8884745672164646,-3758.8391255881547,size
0.8884745672164646,-3758.8391255881547,size
0.8884745672164646,-3758.8391255881547,size
0.8884745672164646,-3758.8391255881547,size
0.8884745672164646,-3758.8391255881547,size
0.8884745672164646,-3758.8391255881547,size
0.8884745672164646,-3758.8391255881547,size
0.8884745672164646,-3758.8391255881547,size
0.8884745672164646,-3758.8391255881547,size
0.8884745672164646,-3758.8391255881547,size
0.8884745672164646,-3758.8391255881547,size
0.8884745672164646,-3758.8391255881547,size
0.8884745672164646,-3758.8391255881547,size
0.8884745672164646,-3758.8391255881547,size
0.8884745672164646,-3758.8391255881547,size
0.8884745672164646,-3758.8391255881547,size
0.8884745672164646,-3758.8391255881547,size
0.8884745672164646,-3758.8391255881547,size
0.8884745672164646,-3758.8391255881547,size
0.8884745672164646,-3758.8391255881547,size
0.8884745672164646,-3758.8391255881547,size
0.8884745672164646,-3758.8391255881547,size
0.8884745672164646,-3758.8391255881547,size
0.8884745672164646,-3758.8391255881547,size
0.8884745672164646,-3758.8391255881547,size
0.8884745672164646,-3758.8391255881547,size
0.8884745672164646,-3758.8391255881547,size
0.8884745672164646,-3758.8391255881547,size
0.8884745672164646,-3758.8391255881547,size
0.8884745672164646,-3758.8391255881547,size
0.8884745672164646,-3758.8391255881547,size
0.8884745672164646,-3758.8391255881547,size
0.8884745672164646,-3758.8391255881547,size
0.8884745672164646,-3758.8391255881547,size
0.8884745672164646,-3758.8391255881547,size
0.8884745672164646,-3758.8391255881547,size
0.8884745672164646,-3758.8391255881547,size
0.8884745672164646,-3758.8391255881547,size
0.8884745672164646,-3758.8391255881547,size
0.8884745672164646,-3758.8391255881547,size
0.8884745672164646,-3758.8391255881547,size
0.8884745672164646,-3758.8391255881547,size
0.8884745672164646,-3758.8391255881547,size
0.8884745672164646,-3758.8391255881547,size
0.8884745672164646,-3758.8391255881547,size
0.8884745672164646,-3758.8391255881547,size
0.8884745672164646,-3758.8391255881547,size
0.8884745672164646,-3758.8391255881547,size
0.8884745672164646,-3758.8391255881547,size
1.2537674044973215,-3758.18180523627,size
1.2537674044973215,-3758.18180523627,size
1.2537674044973215,-3758.18180523627,size
1.2537674044973215,-3758.18180523627,size
1.2537674044973215,-3758.18180523627,size
1.2537674044973215,-3758.18180523627,size
1.2537674044973215,-3758.18180523627,size
1.2537674044973215,-3758.18180523627,size
1.2537674044973215,-3758.18180523627,size
1.2537674044973215,-3758.18180523627,size
1.2537674044973215,-3758.18180523627,size
1.2537674044973215,-3758.18180523627,size
1.2537674044973215,-3758.18180523627,size
1.2537674044973215,-3758.18180523627,size
1.217420520223166,-3757.7974017725464,size
1.217420520223166,-3757.7974017725464,size
1.217420520223166,-3757.7974017725464,size
1.217420520223166,-3757.7974017725464,size
1.217420520223166,-3757.7974017725464,size
1.217420520223166,-3757.7974017725464,size
0.992139760156196,-3757.6015096974693,size
0.992139760156196,-3757.6015096974693,size
0.992139760156196,-3757.6015096974693,size
0.992139760156196,-3757.6015096974693,size
0.992139760156196,-3757.6015096974693,size
0.992139760156196,-3757.6015096974693,size
0.992139760156196,-3757.6015096974693,size
0.992139760156196,-3757.6015096974693,size
0.992139760156196,-3757.6015096974693,size
1.1263544647747283,-3757.2565777970203,size
1.1263544647747283,-3757.2565777970203,size
1.1263544647747283,-3757.2565777970203,size
1.1263544647747283,-3757.2565777970203,size
1.006511498698916,-3757.497685935045,size
1.006511498698916,-3757.497685935045,size
1.006511498698916,-3757.497685935045,size
1.006511498698916,-3757.497685935045,size
1.006511498698916,-3757.497685935045,size
1.006511498698916,-3757.497685935045,size
1.006511498698916,-3757.497685935045,size
1.2884713955330904,-3758.636407193863,size
1.2884713955330904,-3758.636407193863,size
1.2884713955330904,-3758.636407193863,size
1.2884713955330904,-3758.636407193863,size
1.2884713955330904,-3758.636407193863,size
1.2884713955330904,-3758.636407193863,size
1.2884713955330904,-3758.636407193863,size
1.2884713955330904,-3758.636407193863,size
1.2884713955330904,-3758.636407193863,size
1.2884713955330904,-3758.636407193863,size
1.2884713955330904,-3758.636407193863,size
1.2884713955330904,-3758.636407193863,size
1.2884713955330904,-3758.636407193863,size
1.2884713955330904,-3758.636407193863,size
1.2884713955330904,-3758.636407193863,size
1.2884713955330904,-3758.636407193863,size
1.2884713955330904,-3758.636407193863,size
1.2884713955330904,-3758.636407193863,size
1.2884713955330904,-3758.636407193863,size
1.2884713955330904,-3758.636407193863,size
1.2884713955330904,-3758.636407193863,size
1.2884713955330904,-3758.636407193863,size
1.2780805968319136,-3758.491405065508,size
1.2780805968319136,-3758.491405065508,size
1.2780805968319136,-3758.491405065508,size
1.2780805968319136,-3758.491405065508,size
1.2780805968319136,-3758.491405065508,size
1.2780805968319136,-3758.491405065508,size
1.2780805968319136,-3758.491405065508,size
1.2780805968319136,-3758.491405065508,size
1.2780805968319136,-3758.491405065508,size
1.2780805968319136,-3758.491405065508,size
1.2780805968319136,-3758.491405065508,size
1.2780805968319136,-3758.491405065508,size
1.2780805968319136,-3758.491405065508,size
1.2780805968319136,-3758.491405065508,size
1.2780805968319136,-3758.491405065508,size
1.2780805968319136,-3758.491405065508,size
1.2153750003598727,-3757.778588881095,size
1.2153750003598727,-3757.778588881095,size
1.2153750003598727,-3757.778588881095,size
1.2153750003598727,-3757.778588881095,size
1.2153750003598727,-3757.778588881095,size
1.0795751389026955,-3757.2194256445428,size
1.0795751389026955,-3757.2194256445428,size
1.0795751389026955,-3757.2194256445428,size
1.0795751389026955,-3757.2194256445428,size
1.0795751389026955,-3757.2194256445428,size
1.0795751389026955,-3757.2194256445428,size
1.0795751389026955,-3757.2194256445428,size
1.0795751389026955,-3757.2194256445428,size
1.0795751389026955,-3757.2194256445428,size
1.463196488311642,-3762.175487461688,size
1.463196488311642,-3762.175487461688,size
1.463196488311642,-3762.175487461688,size
1.463196488311642,-3762.175487461688,size
1.463196488311642,-3762.175487461688,size
1.463196488311642,-3762.175487461688,size
1.4636875392850603,-3762.188274490447,size
1.4636875392850603,-3762.188274490447,size
1.4621967837062237,-3762.1495028199593,size
1.4621967837062237,-3762.1495028199593,size
1.4621967837062237,-3762.1495028199593,size
1.4621967837062237,-3762.1495028199593,size
1.4621967837062237,-3762.1495028199593,size
0.9538908423669988,-3757.9576377868525,size
1.0973636889357,-3757.213983169144,size
1.0973636889357,-3757.213983169144,size
1.0973636889357,-3757.213983169144,size
1.0973636889357,-3757.213983169144,size
1.0973636889357,-3757.213983169144,size
1.0973636889357,-3757.213983169144,size
1.0973636889357,-3757.213983169144,size
1.0973636889357,-3757.213983169144,size
1.0973636889357,-3757.213983169144,size
1.0973636889357,-3757.213983169144,size
1.155405980890527,-3757.3625891066963,size
1.153064021159027,-3757.3517121191394,size
1.153064021159027,-3757.3517121191394,size
1.153064021159027,-3757.3517121191394,size
1.153064021159027,-3757.3517121191394,size
1.153064021159027,-3757.3517121191394,size
1.153064021159027,-3757.3517121191394,size
1.153064021159027,-3757.3517121191394,size
1.153064021159027,-3757.3517121191394,size
1.153064021159027,-3757.3517121191394,size
1.153064021159027,-3757.3517121191394,size
1.153064021159027,-3757.3517121191394,size
1.153064021159027,-3757.3517121191394,size
1.153064021159027,-3757.3517121191394,size
1.153064021159027,-3757.3517121191394,size
1.153064021159027,-3757.3517121191394,size
1.153064021159027,-3757.3517121191394,size
1.1234208607911715,-3757.2493840343877,size
1.1234208607911715,-3757.2493840343877,size
1.1234208607911715,-3757.2493840343877,size
1.1234208607911715,-3757.2493840343877,size
1.1234208607911715,-3757.2493840343877,size
1.1234208607911715,-3757.2493840343877,size
1.1234208607911715,-3757.2493840343877,size
1.1234208607911715,-3757.2493840343877,size
1.1234208607911715,-3757.2493840343877,size
1.1234208607911715,-3757.2493840343877,size
1.1234208607911715,-3757.2493840343877,size
1.1234208607911715,-3757.2493840343877,size
1.1234208607911715,-3757.2493840343877,size
1.1234208607911715,-3757.2493840343877,size
1.1234208607911715,-3757.2493840343877,size
1.1234208607911715,-3757.2493840343877,size
1.1234208607911715,-3757.2493840343877,size
1.1234208607911715,-3757.2493840343877,size
1.1234208607911715,-3757.2493840343877,size
1.1234208607911715,-3757.2493840343877,size
1.1234208607911715,-3757.2493840343877,size
1.1234208607911715,-3757.2493840343877,size
1.1234208607911715,-3757.2493840343877,size
1.1234208607911715,-3757.2493840343877,size
1.1234208607911715,-3757.2493840343877,size
1.1234208607911715,-3757.2493840343877,size
1.1234208607911715,-3757.2493840343877,size
1.1234208607911715,-3757.2493840343877,size
1.1234208607911715,-3757.2493840343877,size
1.1234208607911715,-3757.2493840343877,size
1.1234208607911715,-3757.2493840343877,size
1.1234208607911715,-3757.2493840343877,size
1.1234208607911715,-3757.2493840343877,size
1.1234208607911715,-3757.2493840343877,size
1.1234208607911715,-3757.2493840343877,size
1.1234208607911715,-3757.2493840343877,size
1.1234208607911715,-3757.2493840343877,size
1.1234208607911715,-3757.2493840343877,size
1.1234208607911715,-3757.2493840343877,size
1.1234208607911715,-3757.2493840343877,size
1.1234208607911715,-3757.2493840343877,size
1.1234208607911715,-3757.2493840343877,size
1.1234208607911715,-3757.2493840343877,size
1.1234208607911715,-3757.2493840343877,size
1.1234208607911715,-3757.2493840343877,size
1.1234208607911715,-3757.2493840343877,size
1.1234208607911715,-3757.2493840343877,size
1.1234208607911715,-3757.2493840343877,size
1.1234208607911715,-3757.2493840343877,size
1.1234208607911715,-3757.2493840343877,size
1.1234208607911715,-3757.2493840343877,size
1.1234208607911715,-3757.2493840343877,size
1.1234208607911715,-3757.2493840343877,size
1.1234208607911715,-3757.2493840343877,size
1.1234208607911715,-3757.2493840343877,size
1.1234208607911715,-3757.2493840343877,size
1.1234208607911715,-3757.2493840343877,size
1.1234208607911715,-3757.2493840343877,size
1.1234208607911715,-3757.2493840343877,size
1.1234208607911715,-3757.2493840343877,size
1.1234208607911715,-3757.2493840343877,size
1.1234208607911715,-3757.2493840343877,size
1.1234208607911715,-3757.2493840343877,size
1.1234208607911715,-3757.2493840343877,size
1.1234208607911715,-3757.2493840343877,size
1.1234208607911715,-3757.2493840343877,size
1.1234208607911715,-3757.2493840343877,size
1.1234208607911715,-3757.2493840343877,size
1.1234208607911715,-3757.2493840343877,size
1.1234208607911715,-3757.2493840343877,size
1.1234208607911715,-3757.2493840343877,size
1.1234208607911715,-3757.2493840343877,size
1.1234208607911715,-3757.2493840343877,size
1.1234208607911715,-3757.2493840343877,size
1.1234208607911715,-3757.2493840343877,size
1.1234208607911715,-3757.2493840343877,size
1.1234208607911715,-3757.2493840343877,size
0.9802812029803767,-3757.6994752353585,size
0.9802812029803767,-3757.6994752353585,size
0.9802812029803767,-3757.6994752353585,size
0.9802812029803767,-3757.6994752353585,size
0.9802812029803767,-3757.6994752353585,size
0.9802812029803767,-3757.6994752353585,size
0.9802812029803767,-3757.6994752353585,size
0.9802812029803767,-3757.6994752353585,size
0.9802812029803767,-3757.6994752353585,size
0.9802812029803767,-3757.6994752353585,size
0.9802812029803767,-3757.6994752353585,size
0.9802812029803767,-3757.6994752353585,size
0.9802812029803767,-3757.6994752353585,size
0.9802812029803767,-3757.6994752353585,size
0.9802812029803767,-3757.6994752353585,size
0.9802812029803767,-3757.6994752353585,size
0.8498730458712123,-3759.5228919162632,size
0.8498730458712123,-3759.5228919162632,size
0.8498730458712123,-3759.5228919162632,size
0.8498730458712123,-3759.5228919162632,size
0.8498730458712123,-3759.5228919162632,size
0.8350877697131489,-3759.8172993063513,size
0.8350877697131489,-3759.8172993063513,size
0.8350877697131489,-3759.8172993063513,size
0.8350877697131489,-3759.8172993063513,size
0.8350877697131489,-3759.8172993063513,size
0.8350877697131489,-3759.8172993063513,size
0.9211814762059614,-3758.355103835249,size
0.9211814762059614,-3758.355103835249,size
0.9211814762059614,-3758.355103835249,size
0.9211814762059614,-3758.355103835249,size
0.9211814762059614,-3758.355103835249,size
0.9211814762059614,-3758.355103835249,size
0.9211814762059614,-3758.355103835249,size
0.9211814762059614,-3758.355103835249,size
0.9211814762059614,-3758.355103835249,size
0.9211814762059614,-3758.355103835249,size
0.9211814762059614,-3758.355103835249,size
0.9211814762059614,-3758.355103835249,size
0.9211814762059614,-3758.355103835249,size
1.3914571126619615,-3760.4755475503925,size
1.3914571126619615,-3760.4755475503925,size
1.3914571126619615,-3760.4755475503925,size
1.3914571126619615,-3760.4755475503925,size
1.3914571126619615,-3760.4755475503925,size
1.3914571126619615,-3760.4755475503925,size
1.3914571126619615,-3760.4755475503925,size
1.3914571126619615,-3760.4755475503925,size
1.3914571126619615,-3760.4755475503925,size
0.9569573432966391,-3757.9247839782306,size
0.9569573432966391,-3757.9247839782306,size
0.9569573432966391,-3757.9247839782306,size
0.9569573432966391,-3757.9247839782306,size
0.9569573432966391,-3757.9247839782306,size
1.0984842112040643,-3757.214447421382,size
1.2332126734046212,-3757.9527925481,size
1.2332126734046212,-3757.9527925481,size
1.2332126734046212,-3757.9527925481,size
1.2332126734046212,-3757.9527925481,size
1.395807668638047,-3760.5690155238735,size
1.395807668638047,-3760.5690155238735,size
1.395807668638047,-3760.5690155238735,size
1.395807668638047,-3760.5690155238735,size
1.395807668638047,-3760.5690155238735,size
1.395807668638047,-3760.5690155238735,size
1.395807668638047,-3760.5690155238735,size
1.395807668638047,-3760.5690155238735,size
1.395807668638047,-3760.5690155238735,size
1.395807668638047,-3760.5690155238735,size
1.395807668638047,-3760.5690155238735,size
1.395807668638047,-3760.5690155238735,size
1.395807668638047,-3760.5690155238735,size
1.395807668638047,-3760.5690155238735,size
1.395807668638047,-3760.5690155238735,size
1.395807668638047,-3760.5690155238735,size
1.395807668638047,-3760.5690155238735,size
1.395807668638047,-3760.5690155238735,size
1.395807668638047,-3760.5690155238735,size
1.395807668638047,-3760.5690155238735,size
1.395807668638047,-3760.5690155238735,size
1.395807668638047,-3760.5690155238735,size
1.395807668638047,-3760.5690155238735,size
1.395807668638047,-3760.5690155238735,size
1.395807668638047,-3760.5690155238735,size
1.395807668638047,-3760.5690155238735,size
1.395807668638047,-3760.5690155238735,size
0.8558313588394258,-3759.4093530157074,size
0.8558313588394258,-3759.4093530157074,size
0.8558313588394258,-3759.4093530157074,size
0.8558313588394258,-3759.4093530157074,size
0.8308663674600447,-3759.9046767648256,size
0.8308663674600447,-3759.9046767648256,size
0.8308663674600447,-3759.9046767648256,size
0.8308663674600447,-3759.9046767648256,size
0.8308663674600447,-3759.9046767648256,size
0.8308663674600447,-3759.9046767648256,size
1.1130089611091718,-3757.2290824285915,size
1.1130089611091718,-3757.2290824285915,size
1.1130089611091718,-3757.2290824285915,size
1.1130089611091718,-3757.2290824285915,size
1.1130089611091718,-3757.2290824285915,size
1.1130089611091718,-3757.2290824285915,size
1.1130089611091718,-3757.2290824285915,size
1.1130089611091718,-3757.2290824285915,size
1.1130089611091718,-3757.2290824285915,size
1.1130089611091718,-3757.2290824285915,size
1.1130089611091718,-3757.2290824285915,size
1.1130089611091718,-3757.2290824285915,size
1.1130089611091718,-3757.2290824285915,size
1.1130089611091718,-3757.2290824285915,size
1.1130089611091718,-3757.2290824285915,size
1.1130089611091718,-3757.2290824285915,size
1.1130089611091718,-3757.2290824285915,size
1.1130089611091718,-3757.2290824285915,size
1.1130089611091718,-3757.2290824285915,size
1.1130089611091718,-3757.2290824285915,size
1.1130089611091718,-3757.2290824285915,size
1.1130089611091718,-3757.2290824285915,size
1.1130089611091718,-3757.2290824285915,size
1.1130089611091718,-3757.2290824285915,size
1.1130089611091718,-3757.2290824285915,size
1.1130089611091718,-3757.2290824285915,size
1.1130089611091718,-3757.2290824285915,size
1.1130089611091718,-3757.2290824285915,size
1.1130089611091718,-3757.2290824285915,size
1.1130089611091718,-3757.2290824285915,size
1.1130089611091718,-3757.2290824285915,size
1.1130089611091718,-3757.2290824285915,size
1.1130089611091718,-3757.2290824285915,size
1.1130089611091718,-3757.2290824285915,size
1.1130089611091718,-3757.2290824285915,size
1.1130089611091718,-3757.2290824285915,size
1.1130089611091718,-3757.2290824285915,size
1.1130089611091718,-3757.2290824285915,size
1.1130089611091718,-3757.2290824285915,size
1.1130089611091718,-3757.2290824285915,size
1.1130089611091718,-3757.2290824285915,size
1.1130089611091718,-3757.2290824285915,size
1.1130089611091718,-3757.2290824285915,size
1.1130089611091718,-3757.2290824285915,size
1.1130089611091718,-3757.2290824285915,size
1.1130089611091718,-3757.2290824285915,size
1.1130089611091718,-3757.2290824285915,size
1.1130089611091718,-3757.2290824285915,size
1.1130089611091718,-3757.2290824285915,size
1.1130089611091718,-3757.2290824285915,size
1.1130089611091718,-3757.2290824285915,size
1.1130089611091718,-3757.2290824285915,size
1.1130089611091718,-3757.2290824285915,size
1.1130089611091718,-3757.2290824285915,size
1.1130089611091718,-3757.2290824285915,size
1.1130089611091718,-3757.2290824285915,size
1.1130089611091718,-3757.2290824285915,size
1.1130089611091718,-3757.2290824285915,size
1.1130089611091718,-3757.2290824285915,size
1.1130089611091718,-3757.2290824285915,size
1.1130089611091718,-3757.2290824285915,size
1.1130089611091718,-3757.2290824285915,size
1.1130089611091718,-3757.2290824285915,size
1.1130089611091718,-3757.2290824285915,size
1.0464674176842268,-3757.2941838919623,size
1.0464674176842268,-3757.2941838919623,size
1.0464674176842268,-3757.2941838919623,size
1.0464674176842268,-3757.2941838919623,size
1.0464674176842268,-3757.2941838919623,size
1.0464674176842268,-3757.2941838919623,size
1.0464674176842268,-3757.2941838919623,size
1.0464674176842268,-3757.2941838919623,size
1.0464674176842268,-3757.2941838919623,size
1.0464674176842268,-3757.2941838919623,size
1.0464674176842268,-3757.2941838919623,size
1.0464674176842268,-3757.2941838919623,size
1.0464674176842268,-3757.2941838919623,size
1.0464674176842268,-3757.2941838919623,size
1.0464674176842268,-3757.2941838919623,size
1.0464674176842268,-3757.2941838919623,size
1.0464674176842268,-3757.2941838919623,size
1.0464674176842268,-3757.2941838919623,size
1.0464674176842268,-3757.2941838919623,size
1.0464674176842268,-3757.2941838919623,size
1.0464674176842268,-3757.2941838919623,size
1.0464674176842268,-3757.2941838919623,size
1.0892309612941764,-3757.2134764653856,size
1.0892309612941764,-3757.2134764653856,size
1.0892309612941764,-3757.2134764653856,size
1.0892309612941764,-3757.2134764653856,size
1.0892309612941764,-3757.2134764653856,size
1.0892309612941764,-3757.2134764653856,size
1.0892309612941764,-3757.2134764653856,size
1.0892309612941764,-3757.2134764653856,size
1.0892309612941764,-3757.2134764653856,size
1.0892309612941764,-3757.2134764653856,size
1.0892309612941764,-3757.2134764653856,size
1.0892309612941764,-3757.2134764653856,size
1.0892309612941764,-3757.2134764653856,size
1.0892309612941764,-3757.2134764653856,size
1.0892309612941764,-3757.2134764653856,size
1.0892309612941764,-3757.2134764653856,size
1.0892309612941764,-3757.2134764653856,size
1.0892309612941764,-3757.2134764653856,size
1.0892309612941764,-3757.2134764653856,size
1.0892309612941764,-3757.2134764653856,size
1.0892309612941764,-3757.2134764653856,size
1.0892309612941764,-3757.2134764653856,size
1.0892309612941764,-3757.2134764653856,size
1.0892309612941764,-3757.2134764653856,size
1.0892309612941764,-3757.2134764653856,size
1.0892309612941764,-3757.2134764653856,size
1.0892309612941764,-3757.2134764653856,size
1.0892309612941764,-3757.2134764653856,size
1.1123788757438207,-3757.228116251136,size
1.1123788757438207,-3757.228116251136,size
1.1123788757438207,-3757.228116251136,size
1.1123788757438207,-3757.228116251136,size
1.1123788757438207,-3757.228116251136,size
1.1123788757438207,-3757.228116251136,size
1.1123788757438207,-3757.228116251136,size
1.1123788757438207,-3757.228116251136,size
1.1123788757438207,-3757.228116251136,size
1.1123788757438207,-3757.228116251136,size
1.1123788757438207,-3757.228116251136,size
1.1123788757438207,-3757.228116251136,size
1.1123788757438207,-3757.228116251136,size
1.1123788757438207,-3757.228116251136,size
1.1123788757438207,-3757.228116251136,size
1.1123788757438207,-3757.228116251136,size
1.1123788757438207,-3757.228116251136,size
1.1123788757438207,-3757.228116251136,size
1.1123788757438207,-3757.228116251136,size
1.1123788757438207,-3757.228116251136,size
1.1123788757438207,-3757.228116251136,size
1.1123788757438207,-3757.228116251136,size
1.1507398264139508,-3757.341320379153,size
1.1507398264139508,-3757.341320379153,size
1.1507398264139508,-3757.341320379153,size
1.1507398264139508,-3757.341320379153,size
1.1507398264139508,-3757.341320379153,size
1.1507398264139508,-3757.341320379153,size
1.1507398264139508,-3757.341320379153,size
1.1507398264139508,-3757.341320379153,size
1.1507398264139508,-3757.341320379153,size
1.1507398264139508,-3757.341320379153,size
1.1507398264139508,-3757.341320379153,size
1.1507398264139508,-3757.341320379153,size
1.1507398264139508,-3757.341320379153,size
1.1507398264139508,-3757.341320379153,size
1.1507398264139508,-3757.341320379153,size
1.1507398264139508,-3757.341320379153,size
1.1507398264139508,-3757.341320379153,size
1.1507398264139508,-3757.341320379153,size
1.1507398264139508,-3757.341320379153,size
1.1507398264139508,-3757.341320379153,size
1.1507398264139508,-3757.341320379153,size
1.1507398264139508,-3757.341320379153,size
1.1507398264139508,-3757.341320379153,size
1.1468283248393893,-3757.3247384926844,size
1.1468283248393893,-3757.3247384926844,size
1.1468283248393893,-3757.3247384926844,size
1.1468283248393893,-3757.3247384926844,size
1.1468283248393893,-3757.3247384926844,size
1.1468283248393893,-3757.3247384926844,size
1.1468283248393893,-3757.3247384926844,size
1.1468283248393893,-3757.3247384926844,size
1.1468283248393893,-3757.3247384926844,size
1.1468283248393893,-3757.3247384926844,size
1.1468283248393893,-3757.3247384926844,size
1.1191708159027833,-3757.240110357096,size
1.1191708159027833,-3757.240110357096,size
1.1191708159027833,-3757.240110357096,size
1.1191708159027833,-3757.240110357096,size
1.1191708159027833,-3757.240110357096,size
1.1191708159027833,-3757.240110357096,size
1.1191708159027833,-3757.240110357096,size
1.1191708159027833,-3757.240110357096,size
1.1191708159027833,-3757.240110357096,size
1.1191708159027833,-3757.240110357096,size
1.1191708159027833,-3757.240110357096,size
1.1191708159027833,-3757.240110357096,size
1.1191708159027833,-3757.240110357096,size
1.1191708159027833,-3757.240110357096,size
1.1191708159027833,-3757.240110357096,size
1.1191708159027833,-3757.240110357096,size
1.1191708159027833,-3757.240110357096,size
1.1191708159027833,-3757.240110357096,size
0.6446712567805675,-3917.4305594237367,color
0.6446712567805675,-3917.4305594237367,color
0.6446712567805675,-3917.4305594237367,color
0.6446712567805675,-3917.4305594237367,color
0.6446712567805675,-3917.4305594237367,color
0.6446712567805675,-3917.4305594237367,color
0.6446712567805675,-3917.4305594237367,color
0.6446712567805675,-3917.4305594237367,color
0.6446712567805675,-3917.4305594237367,color
0.6446712567805675,-3917.4305594237367,color
0.6446712567805675,-3917.4305594237367,color
0.6446712567805675,-3917.4305594237367,color
0.6446712567805675,-3917.4305594237367,color
0.6446712567805675,-3917.4305594237367,color
0.6446712567805675,-3917.4305594237367,color
0.6446712567805675,-3917.4305594237367,color
0.6446712567805675,-3917.4305594237367,color
0.6446712567805675,-3917.4305594237367,color
0.6446712567805675,-3917.4305594237367,color
0.6446712567805675,-3917.4305594237367,color
0.6446712567805675,-3917.4305594237367,color
0.6446712567805675,-3917.4305594237367,color
0.6446712567805675,-3917.4305594237367,color
0.6446712567805675,-3917.4305594237367,color
0.6446712567805675,-3917.4305594237367,color
0.6446712567805675,-3917.4305594237367,color
0.6446712567805675,-3917.4305594237367,color
0.6446712567805675,-3917.4305594237367,color
0.6446712567805675,-3917.4305594237367,color
0.6446712567805675,-3917.4305594237367,color
0.6446712567805675,-3917.4305594237367,color
0.6446712567805675,-3917.4305594237367,color
0.6446712567805675,-3917.4305594237367,color
0.6446712567805675,-3917.4305594237367,color
0.6446712567805675,-3917.4305594237367,color
0.6446712567805675,-3917.4305594237367,color
0.6446712567805675,-3917.4305594237367,color
0.6446712567805675,-3917.4305594237367,color
0.6446712567805675,-3917.4305594237367,color
0.6446712567805675,-3917.4305594237367,color
0.6446712567805675,-3917.4305594237367,color
0.6446712567805675,-3917.4305594237367,color
0.6446712567805675,-3917.4305594237367,color
0.6446712567805675,-3917.4305594237367,color
0.6446712567805675,-3917.4305594237367,color
0.6446712567805675,-3917.4305594237367,color
0.6446712567805675,-3917.4305594237367,color
0.6446712567805675,-3917.4305594237367,color
0.6446712567805675,-3917.4305594237367,color
0.6446712567805675,-3917.4305594237367,color
0.6446712567805675,-3917.4305594237367,color
0.6446712567805675,-3917.4305594237367,color
0.6446712567805675,-3917.4305594237367,color
0.6446712567805675,-3917.4305594237367,color
0.6446712567805675,-3917.4305594237367,color
0.6446712567805675,-3917.4305594237367,color
0.6446712567805675,-3917.4305594237367,color
0.6446712567805675,-3917.4305594237367,color
0.6446712567805675,-3917.4305594237367,color
0.6446712567805675,-3917.4305594237367,color
0.6446712567805675,-3917.4305594237367,color
0.6446712567805675,-3917.4305594237367,color
0.6446712567805675,-3917.4305594237367,color
0.6446712567805675,-3917.4305594237367,color
0.6446712567805675,-3917.4305594237367,color
0.6446712567805675,-3917.4305594237367,color
0.6446712567805675,-3917.4305594237367,color
0.6446712567805675,-3917.4305594237367,color
0.6446712567805675,-3917.4305594237367,color
0.6446712567805675,-3917.4305594237367,color
0.6446712567805675,-3917.4305594237367,color
0.6446712567805675,-3917.4305594237367,color
0.6446712567805675,-3917.4305594237367,color
0.6446712567805675,-3917.4305594237367,color
0.6446712567805675,-3917.4305594237367,color
0.9086194694162619,-3914.9596905834924,color
0.9086194694162619,-3914.9596905834924,color
0.9086194694162619,-3914.9596905834924,color
0.9086194694162619,-3914.9596905834924,color
0.9086194694162619,-3914.9596905834924,color
0.9086194694162619,-3914.9596905834924,color
0.9086194694162619,-3914.9596905834924,color
0.9086194694162619,-3914.9596905834924,color
0.9086194694162619,-3914.9596905834924,color
0.9086194694162619,-3914.9596905834924,color
0.9086194694162619,-3914.9596905834924,color
0.9086194694162619,-3914.9596905834924,color
0.9086194694162619,-3914.9596905834924,color
0.9086194694162619,-3914.9596905834924,color
0.9086194694162619,-3914.9596905834924,color
0.9086194694162619,-3914.9596905834924,color
0.9086194694162619,-3914.9596905834924,color
0.9086194694162619,-3914.9596905834924,color
0.9086194694162619,-3914.9596905834924,color
0.9086194694162619,-3914.9596905834924,color
0.9086194694162619,-3914.9596905834924,color
0.9086194694162619,-3914.9596905834924,color
0.9086194694162619,-3914.9596905834924,color
0.9086194694162619,-3914.9596905834924,color
0.9086194694162619,-3914.9596905834924,color
0.9086194694162619,-3914.9596905834924,color
0.9086194694162619,-3914.9596905834924,color
0.9086194694162619,-3914.9596905834924,color
0.9086194694162619,-3914.9596905834924,color
0.9086194694162619,-3914.9596905834924,color
0.9086194694162619,-3914.9596905834924,color
0.9086194694162619,-3914.9596905834924,color
0.9086194694162619,-3914.9596905834924,color
0.9086194694162619,-3914.9596905834924,color
0.9086194694162619,-3914.9596905834924,color
0.9086194694162619,-3914.9596905834924,color
0.9086194694162619,-3914.9596905834924,color
0.9086194694162619,-3914.9596905834924,color
0.9086194694162619,-3914.9596905834924,color
0.9086194694162619,-3914.9596905834924,color
0.9086194694162619,-3914.9596905834924,color
0.9086194694162619,-3914.9596905834924,color
0.9086194694162619,-3914.9596905834924,color
0.9086194694162619,-3914.9596905834924,color
0.9086194694162619,-3914.9596905834924,color
0.9086194694162619,-3914.9596905834924,color
0.9086194694162619,-3914.9596905834924,color
0.9086194694162619,-3914.9596905834924,color
0.9086194694162619,-3914.9596905834924,color
0.9086194694162619,-3914.9596905834924,color
0.9086194694162619,-3914.9596905834924,color
0.9086194694162619,-3914.9596905834924,color
0.9086194694162619,-3914.9596905834924,color
0.9086194694162619,-3914.9596905834924,color
0.9086194694162619,-3914.9596905834924,color
0.9086194694162619,-3914.9596905834924,color
0.9086194694162619,-3914.9596905834924,color
0.9086194694162619,-3914.9596905834924,color
0.9086194694162619,-3914.9596905834924,color
0.9086194694162619,-3914.9596905834924,color
0.9086194694162619,-3914.9596905834924,color
0.9086194694162619,-3914.9596905834924,color
0.9086194694162619,-3914.9596905834924,color
0.9086194694162619,-3914.9596905834924,color
0.9086194694162619,-3914.9596905834924,color
0.9086194694162619,-3914.9596905834924,color
0.9086194694162619,-3914.9596905834924,color
0.9086194694162619,-3914.9596905834924,color
0.9086194694162619,-3914.9596905834924,color
0.9086194694162619,-3914.9596905834924,color
0.9086194694162619,-3914.9596905834924,color
0.9086194694162619,-3914.9596905834924,color
0.9086194694162619,-3914.9596905834924,color
0.9086194694162619,-3914.9596905834924,color
0.9086194694162619,-3914.9596905834924,color
0.9086194694162619,-3914.9596905834924,color
0.9086194694162619,-3914.9596905834924,color
0.9086194694162619,-3914.9596905834924,color
0.9086194694162619,-3914.9596905834924,color
0.9086194694162619,-3914.9596905834924,color
0.9086194694162619,-3914.9596905834924,color
0.9086194694162619,-3914.9596905834924,color
0.9086194694162619,-3914.9596905834924,color
0.9086194694162619,-3914.9596905834924,color
0.9086194694162619,-3914.9596905834924,color
0.9086194694162619,-3914.9596905834924,color
0.9086194694162619,-3914.9596905834924,color
0.9086194694162619,-3914.9596905834924,color
0.9086194694162619,-3914.9596905834924,color
0.9086194694162619,-3914.9596905834924,color
0.9086194694162619,-3914.9596905834924,color
0.9086194694162619,-3914.9596905834924,color
0.9086194694162619,-3914.9596905834924,color
0.9086194694162619,-3914.9596905834924,color
0.9086194694162619,-3914.9596905834924,color
0.9086194694162619,-3914.9596905834924,color
0.9086194694162619,-3914.9596905834924,color
0.9086194694162619,-3914.9596905834924,color
0.9086194694162619,-3914.9596905834924,color
0.9086194694162619,-3914.9596905834924,color
0.9086194694162619,-3914.9596905834924,color
0.9086194694162619,-3914.9596905834924,color
0.9086194694162619,-3914.9596905834924,color
0.9086194694162619,-3914.9596905834924,color
0.9086194694162619,-3914.9596905834924,color
0.9086194694162619,-3914.9596905834924,color
0.9086194694162619,-3914.9596905834924,color
0.9086194694162619,-3914.9596905834924,color
0.9086194694162619,-3914.9596905834924,color
0.9086194694162619,-3914.9596905834924,color
0.9086194694162619,-3914.9596905834924,color
1.0714256868015564,-3916.3573504355445,color
1.0714256868015564,-3916.3573504355445,color
0.9945928702687334,-3915.4299453422573,color
0.9945928702687334,-3915.4299453422573,color
0.9945928702687334,-3915.4299453422573,color
0.9945928702687334,-3915.4299453422573,color
0.9945928702687334,-3915.4299453422573,color
0.9945928702687334,-3915.4299453422573,color
0.9945928702687334,-3915.4299453422573,color
0.9945928702687334,-3915.4299453422573,color
0.9945928702687334,-3915.4299453422573,color
0.9945928702687334,-3915.4299453422573,color
0.9945928702687334,-3915.4299453422573,color
0.9945928702687334,-3915.4299453422573,color
0.9945928702687334,-3915.4299453422573,color
0.9945928702687334,-3915.4299453422573,color
0.9945928702687334,-3915.4299453422573,color
0.9945928702687334,-3915.4299453422573,color
0.9945928702687334,-3915.4299453422573,color
0.9945928702687334,-3915.4299453422573,color
0.9945928702687334,-3915.4299453422573,color
1.0924765216844319,-3916.693150858485,color
1.0924765216844319,-3916.693150858485,color
1.0924765216844319,-3916.693150858485,color
1.0924765216844319,-3916.693150858485,color
1.0924765216844319,-3916.693150858485,color
1.0924765216844319,-3916.693150858485,color
1.0924765216844319,-3916.693150858485,color
1.0924765216844319,-3916.693150858485,color
1.0924765216844319,-3916.693150858485,color
1.0924765216844319,-3916.693150858485,color
1.0924765216844319,-3916.693150858485,color
1.0924765216844319,-3916.693150858485,color
1.0924765216844319,-3916.693150858485,color
1.0924765216844319,-3916.693150858485,color
1.0924765216844319,-3916.693150858485,color
1.0924765216844319,-3916.693150858485,color
1.0924765216844319,-3916.693150858485,color
0.9247697811980216,-3915.0015355308747,color
0.9247697811980216,-3915.0015355308747,color
0.9247697811980216,-3915.0015355308747,color
0.9247697811980216,-3915.0015355308747,color
1.1471406227542966,-3917.726101979897,color
1.1471406227542966,-3917.726101979897,color
1.1471406227542966,-3917.726101979897,color
1.1471406227542966,-3917.726101979897,color
1.1471406227542966,-3917.726101979897,color
1.1471406227542966,-3917.726101979897,color
1.1471406227542966,-3917.726101979897,color
1.1471406227542966,-3917.726101979897,color
1.1471406227542966,-3917.726101979897,color
1.1471406227542966,-3917.726101979897,color
1.1471406227542966,-3917.726101979897,color
1.1471406227542966,-3917.726101979897,color
1.1471406227542966,-3917.726101979897,color
1.1471406227542966,-3917.726101979897,color
1.1471406227542966,-3917.726101979897,color
1.1471406227542966,-3917.726101979897,color
1.1471406227542966,-3917.726101979897,color
1.1471406227542966,-3917.726101979897,color
1.1471406227542966,-3917.726101979897,color
1.1471406227542966,-3917.726101979897,color
1.1471406227542966,-3917.726101979897,color
1.1471406227542966,-3917.726101979897,color
1.1471406227542966,-3917.726101979897,color
1.1471406227542966,-3917.726101979897,color
0.6582033808449425,-3917.156101562107,color
0.6582033808449425,-3917.156101562107,color
0.6582033808449425,-3917.156101562107,color
0.6582033808449425,-3917.156101562107,color
0.6582033808449425,-3917.156101562107,color
0.6582033808449425,-3917.156101562107,color
0.6582033808449425,-3917.156101562107,color
0.8482900378404625,-3914.996606259387,color
0.8482900378404625,-3914.996606259387,color
0.8482900378404625,-3914.996606259387,color
0.8482900378404625,-3914.996606259387,color
0.8482900378404625,-3914.996606259387,color
0.8482900378404625,-3914.996606259387,color
0.8482900378404625,-3914.996606259387,color
0.8482900378404625,-3914.996606259387,color
0.8482900378404625,-3914.996606259387,color
0.8482900378404625,-3914.996606259387,color
0.8482900378404625,-3914.996606259387,color
0.8482900378404625,-3914.996606259387,color
0.8482900378404625,-3914.996606259387,color
0.8767861835222281,-3914.9409938365575,color
0.8767861835222281,-3914.9409938365575,color
0.8767861835222281,-3914.9409938365575,color
0.8767861835222281,-3914.9409938365575,color
0.8767861835222281,-3914.9409938365575,color
0.8767861835222281,-3914.9409938365575,color
0.8767861835222281,-3914.9409938365575,color
0.8767861835222281,-3914.9409938365575,color
0.8767861835222281,-3914.9409938365575,color
0.8767861835222281,-3914.9409938365575,color
0.8767861835222281,-3914.9409938365575,color
0.8767861835222281,-3914.9409938365575,color
0.8767861835222281,-3914.9409938365575,color
0.8767861835222281,-3914.9409938365575,color
0.8767861835222281,-3914.9409938365575,color
0.8767861835222281,-3914.9409938365575,color
0.8767861835222281,-3914.9409938365575,color
0.8767861835222281,-3914.9409938365575,color
0.8767861835222281,-3914.9409938365575,color
0.8767861835222281,-3914.9409938365575,color
0.8767861835222281,-3914.9409938365575,color
0.8767861835222281,-3914.9409938365575,color
1.0440851035170498,-3915.9733565359766,color
1.0440851035170498,-3915.9733565359766,color
1.0440851035170498,-3915.9733565359766,color
1.0440851035170498,-3915.9733565359766,color
1.0440851035170498,-3915.9733565359766,color
1.0440851035170498,-3915.9733565359766,color
1.0440851035170498,-3915.9733565359766,color
1.0440851035170498,-3915.9733565359766,color
1.0440851035170498,-3915.9733565359766,color
1.0440851035170498,-3915.9733565359766,color
1.0440851035170498,-3915.9733565359766,color
1.0440851035170498,-3915.9733565359766,color
1.0440851035170498,-3915.9733565359766,color
1.0440851035170498,-3915.9733565359766,color
1.0440851035170498,-3915.9733565359766,color
1.0440851035170498,-3915.9733565359766,color
1.0440851035170498,-3915.9733565359766,color
1.0440851035170498,-3915.9733565359766,color
1.0440851035170498,-3915.9733565359766,color
1.0440851035170498,-3915.9733565359766,color
1.0440851035170498,-3915.9733565359766,color
1.0440851035170498,-3915.9733565359766,color
1.0440851035170498,-3915.9733565359766,color
1.0440851035170498,-3915.9733565359766,color
1.0440851035170498,-3915.9733565359766,color
1.0440851035170498,-3915.9733565359766,color
1.0440851035170498,-3915.9733565359766,color
1.0333620765492921,-3915.838958490472,color
1.0333620765492921,-3915.838958490472,color
0.6966731222427316,-3916.4643900153087,color
0.6966731222427316,-3916.4643900153087,color
0.6966731222427316,-3916.4643900153087,color
0.6966731222427316,-3916.4643900153087,color
0.6966731222427316,-3916.4643900153087,color
0.6966731222427316,-3916.4643900153087,color
0.6966731222427316,-3916.4643900153087,color
0.9953431275649842,-3915.436710544774,color
0.9953431275649842,-3915.436710544774,color
0.9953431275649842,-3915.436710544774,color
0.9953431275649842,-3915.436710544774,color
0.9953431275649842,-3915.436710544774,color
0.9953431275649842,-3915.436710544774,color
0.9953431275649842,-3915.436710544774,color
0.9953431275649842,-3915.436710544774,color
0.7511744406126452,-3915.7072193796557,color
0.7511744406126452,-3915.7072193796557,color
0.7511744406126452,-3915.7072193796557,color
0.7511744406126452,-3915.7072193796557,color
0.7511744406126452,-3915.7072193796557,color
0.7511744406126452,-3915.7072193796557,color
0.7511744406126452,-3915.7072193796557,color
0.7511744406126452,-3915.7072193796557,color
0.7511744406126452,-3915.7072193796557,color
0.7511744406126452,-3915.7072193796557,color
0.7511744406126452,-3915.7072193796557,color
0.7511744406126452,-3915.7072193796557,color
0.7511744406126452,-3915.7072193796557,color
0.7511744406126452,-3915.7072193796557,color
0.7511744406126452,-3915.7072193796557,color
0.7511744406126452,-3915.7072193796557,color
0.7511744406126452,-3915.7072193796557,color
0.7511744406126452,-3915.7072193796557,color
0.7511744406126452,-3915.7072193796557,color
0.7511744406126452,-3915.7072193796557,color
0.7511744406126452,-3915.7072193796557,color
0.7511744406126452,-3915.7072193796557,color
0.7511744406126452,-3915.7072193796557,color
0.7511744406126452,-3915.7072193796557,color
0.7511744406126452,-3915.7072193796557,color
0.7511744406126452,-3915.7072193796557,color
0.7511744406126452,-3915.7072193796557,color
0.7511744406126452,-3915.7072193796557,color
0.7511744406126452,-3915.7072193796557,color
0.7511744406126452,-3915.7072193796557,color
0.7511744406126452,-3915.7072193796557,color
0.7511744406126452,-3915.7072193796557,color
0.7511744406126452,-3915.7072193796557,color
0.7511744406126452,-3915.7072193796557,color
0.7511744406126452,-3915.7072193796557,color
0.7511744406126452,-3915.7072193796557,color
0.7511744406126452,-3915.7072193796557,color
0.7511744406126452,-3915.7072193796557,color
0.7511744406126452,-3915.7072193796557,color
0.7511744406126452,-3915.7072193796557,color
0.7511744406126452,-3915.7072193796557,color
0.7511744406126452,-3915.7072193796557,color
0.7511744406126452,-3915.7072193796557,color
0.7511744406126452,-3915.7072193796557,color
0.7511744406126452,-3915.7072193796557,color
0.7511744406126452,-3915.7072193796557,color
0.7511744406126452,-3915.7072193796557,color
0.7511744406126452,-3915.7072193796557,color
0.7511744406126452,-3915.7072193796557,color
0.7511744406126452,-3915.7072193796557,color
0.7511744406126452,-3915.7072193796557,color
0.7511744406126452,-3915.7072193796557,color
0.7511744406126452,-3915.7072193796557,color
0.7511744406126452,-3915.7072193796557,color
0.7511744406126452,-3915.7072193796557,color
0.7511744406126452,-3915.7072193796557,color
0.7511744406126452,-3915.7072193796557,color
0.7511744406126452,-3915.7072193796557,color
0.7511744406126452,-3915.7072193796557,color
0.7511744406126452,-3915.7072193796557,color
0.7511744406126452,-3915.7072193796557,color
0.7511744406126452,-3915.7072193796557,color
0.7511744406126452,-3915.7072193796557,color
0.7511744406126452,-3915.7072193796557,color
0.7511744406126452,-3915.7072193796557,color
0.7511744406126452,-3915.7072193796557,color
0.7511744406126452,-3915.7072193796557,color
0.7511744406126452,-3915.7072193796557,color
0.7511744406126452,-3915.7072193796557,color
0.7511744406126452,-3915.7072193796557,color
0.7511744406126452,-3915.7072193796557,color
0.7511744406126452,-3915.7072193796557,color
0.7511744406126452,-3915.7072193796557,color
0.7511744406126452,-3915.7072193796557,color
0.7511744406126452,-3915.7072193796557,color
0.7511744406126452,-3915.7072193796557,color
0.7511744406126452,-3915.7072193796557,color
0.7511744406126452,-3915.7072193796557,color
0.7511744406126452,-3915.7072193796557,color
0.7511744406126452,-3915.7072193796557,color
0.7511744406126452,-3915.7072193796557,color
0.7511744406126452,-3915.7072193796557,color
0.7511744406126452,-3915.7072193796557,color
0.7511744406126452,-3915.7072193796557,color
0.7511744406126452,-3915.7072193796557,color
0.7511744406126452,-3915.7072193796557,color
0.7511744406126452,-3915.7072193796557,color
0.7511744406126452,-3915.7072193796557,color
0.7511744406126452,-3915.7072193796557,color
0.7511744406126452,-3915.7072193796557,color
0.7511744406126452,-3915.7072193796557,color
0.7511744406126452,-3915.7072193796557,color
0.7511744406126452,-3915.7072193796557,color
0.7511744406126452,-3915.7072193796557,color
0.7511744406126452,-3915.7072193796557,color
0.7511744406126452,-3915.7072193796557,color
0.7511744406126452,-3915.7072193796557,color
0.7511744406126452,-3915.7072193796557,color
0.7511744406126452,-3915.7072193796557,color
0.7511744406126452,-3915.7072193796557,color
0.7511744406126452,-3915.7072193796557,color
0.7511744406126452,-3915.7072193796557,color
0.5856722044376492,-3918.8175928410583,color
0.5856722044376492,-3918.8175928410583,color
0.5856722044376492,-3918.8175928410583,color
0.5856722044376492,-3918.8175928410583,color
0.8684052410310549,-3914.9502266866493,color
0.8684052410310549,-3914.9502266866493,color
0.8684052410310549,-3914.9502266866493,color
0.8684052410310549,-3914.9502266866493,color
0.8684052410310549,-3914.9502266866493,color
0.8684052410310549,-3914.9502266866493,color
0.8684052410310549,-3914.9502266866493,color
0.8684052410310549,-3914.9502266866493,color
0.8684052410310549,-3914.9502266866493,color
0.8684052410310549,-3914.9502266866493,color
0.8684052410310549,-3914.9502266866493,color
0.8684052410310549,-3914.9502266866493,color
0.8684052410310549,-3914.9502266866493,color
0.8684052410310549,-3914.9502266866493,color
0.8684052410310549,-3914.9502266866493,color
0.8684052410310549,-3914.9502266866493,color
0.8684052410310549,-3914.9502266866493,color
0.8684052410310549,-3914.9502266866493,color
0.8684052410310549,-3914.9502266866493,color
0.8684052410310549,-3914.9502266866493,color
0.8684052410310549,-3914.9502266866493,color
0.8684052410310549,-3914.9502266866493,color
0.8684052410310549,-3914.9502266866493,color
0.8684052410310549,-3914.9502266866493,color
0.8684052410310549,-3914.9502266866493,color
0.8684052410310549,-3914.9502266866493,color
0.8684052410310549,-3914.9502266866493,color
0.8684052410310549,-3914.9502266866493,color
0.8684052410310549,-3914.9502266866493,color
0.9347647232880185,-3915.038277333209,color
0.9347647232880185,-3915.038277333209,color
0.9347647232880185,-3915.038277333209,color
0.9347647232880185,-3915.038277333209,color
0.9347647232880185,-3915.038277333209,color
0.9347647232880185,-3915.038277333209,color
0.9347647232880185,-3915.038277333209,color
0.9347647232880185,-3915.038277333209,color
0.9347647232880185,-3915.038277333209,color
0.9347647232880185,-3915.038277333209,color
0.9347647232880185,-3915.038277333209,color
0.9347647232880185,-3915.038277333209,color
0.9347647232880185,-3915.038277333209,color
0.9347647232880185,-3915.038277333209,color
0.9347647232880185,-3915.038277333209,color
0.9347647232880185,-3915.038277333209,color
0.9347647232880185,-3915.038277333209,color
0.9347647232880185,-3915.038277333209,color
0.9347647232880185,-3915.038277333209,color
0.9987929779889543,-3915.4684050310466,color
0.9987929779889543,-3915.4684050310466,color
0.9987929779889543,-3915.4684050310466,color
0.9987929779889543,-3915.4684050310466,color
0.9987929779889543,-3915.4684050310466,color
0.9987929779889543,-3915.4684050310466,color
0.9987929779889543,-3915.4684050310466,color
0.9987929779889543,-3915.4684050310466,color
0.9987929779889543,-3915.4684050310466,color
0.9987929779889543,-3915.4684050310466,color
0.9987929779889543,-3915.4684050310466,color
0.9987929779889543,-3915.4684050310466,color
0.9987929779889543,-3915.4684050310466,color
0.9987929779889543,-3915.4684050310466,color
0.9987929779889543,-3915.4684050310466,color
0.9987929779889543,-3915.4684050310466,color
0.9987929779889543,-3915.4684050310466,color
0.9987929779889543,-3915.4684050310466,color
0.9987929779889543,-3915.4684050310466,color
0.9987929779889543,-3915.4684050310466,color
0.9987929779889543,-3915.4684050310466,color
0.9987929779889543,-3915.4684050310466,color
0.9987929779889543,-3915.4684050310466,color
0.9987929779889543,-3915.4684050310466,color
0.9987929779889543,-3915.4684050310466,color
0.9987929779889543,-3915.4684050310466,color
0.9987929779889543,-3915.4684050310466,color
0.9987929779889543,-3915.4684050310466,color
0.9987929779889543,-3915.4684050310466,color
0.9987929779889543,-3915.4684050310466,color
0.9987929779889543,-3915.4684050310466,color
0.9987929779889543,-3915.4684050310466,color
0.9987929779889543,-3915.4684050310466,color
0.80493022447473,-3915.2136715671395,color
0.80493022447473,-3915.2136715671395,color
0.80493022447473,-3915.2136715671395,color
0.80493022447473,-3915.2136715671395,color
0.80493022447473,-3915.2136715671395,color
0.80493022447473,-3915.2136715671395,color
0.9940184181098324,-3915.424796229251,color
0.9940184181098324,-3915.424796229251,color
0.9940184181098324,-3915.424796229251,color
0.9940184181098324,-3915.424796229251,color
0.9940184181098324,-3915.424796229251,color
0.9940184181098324,-3915.424796229251,color
0.9940184181098324,-3915.424796229251,color
0.9940184181098324,-3915.424796229251,color
0.9940184181098324,-3915.424796229251,color
0.9940184181098324,-3915.424796229251,color
0.9940184181098324,-3915.424796229251,color
0.9940184181098324,-3915.424796229251,color
0.9940184181098324,-3915.424796229251,color
0.9940184181098324,-3915.424796229251,color
0.9678186746239947,-3915.218459148115,color
0.9678186746239947,-3915.218459148115,color
0.9678186746239947,-3915.218459148115,color
0.9678186746239947,-3915.218459148115,color
0.9678186746239947,-3915.218459148115,color
0.9678186746239947,-3915.218459148115,color
0.9678186746239947,-3915.218459148115,color
0.9678186746239947,-3915.218459148115,color
0.9678186746239947,-3915.218459148115,color
0.9678186746239947,-3915.218459148115,color
0.9678186746239947,-3915.218459148115,color
0.9678186746239947,-3915.218459148115,color
0.9678186746239947,-3915.218459148115,color
0.9678186746239947,-3915.218459148115,color
0.9678186746239947,-3915.218459148115,color
0.9678186746239947,-3915.218459148115,color
0.9678186746239947,-3915.218459148115,color
0.9678186746239947,-3915.218459148115,color
0.9678186746239947,-3915.218459148115,color
0.9678186746239947,-3915.218459148115,color
0.9678186746239947,-3915.218459148115,color
0.9678186746239947,-3915.218459148115,color
0.9678186746239947,-3915.218459148115,color
0.9678186746239947,-3915.218459148115,color
0.9678186746239947,-3915.218459148115,color
0.9678186746239947,-3915.218459148115,color
0.9678186746239947,-3915.218459148115,color
0.9678186746239947,-3915.218459148115,color
0.9678186746239947,-3915.218459148115,color
0.9678186746239947,-3915.218459148115,color
0.9678186746239947,-3915.218459148115,color
0.9678186746239947,-3915.218459148115,color
0.9678186746239947,-3915.218459148115,color
0.9678186746239947,-3915.218459148115,color
0.9678186746239947,-3915.218459148115,color
0.9678186746239947,-3915.218459148115,color
0.9678186746239947,-3915.218459148115,color
0.9678186746239947,-3915.218459148115,color
0.9678186746239947,-3915.218459148115,color
0.9678186746239947,-3915.218459148115,color
0.9678186746239947,-3915.218459148115,color
0.9678186746239947,-3915.218459148115,color
0.9678186746239947,-3915.218459148115,color
0.9678186746239947,-3915.218459148115,color
1.0107062845707058,-3915.5852502025064,color
1.0107062845707058,-3915.5852502025064,color
1.0107062845707058,-3915.5852502025064,color
1.0107062845707058,-3915.5852502025064,color
1.0107062845707058,-3915.5852502025064,color
1.0107062845707058,-3915.5852502025064,color
1.0107062845707058,-3915.5852502025064,color
0.8804624460659616,-3914.938810842147,color
0.8804624460659616,-3914.938810842147,color
0.8804624460659616,-3914.938810842147,color
0.8804624460659616,-3914.938810842147,color
0.8804624460659616,-3914.938810842147,color
0.8804624460659616,-3914.938810842147,color
0.8804624460659616,-3914.938810842147,color
0.8804624460659616,-3914.938810842147,color
0.8804624460659616,-3914.938810842147,color
0.8804624460659616,-3914.938810842147,color
0.9179545275982025,-3914.9812322958737,color
0.9179545275982025,-3914.9812322958737,color
0.9179545275982025,-3914.9812322958737,color
0.9179545275982025,-3914.9812322958737,color
0.9179545275982025,-3914.9812322958737,color
0.9179545275982025,-3914.9812322958737,color
0.9179545275982025,-3914.9812322958737,color
0.9179545275982025,-3914.9812322958737,color
0.9179545275982025,-3914.9812322958737,color
0.9179545275982025,-3914.9812322958737,color
0.9179545275982025,-3914.9812322958737,color
0.9179545275982025,-3914.9812322958737,color
0.9179545275982025,-3914.9812322958737,color
0.9179545275982025,-3914.9812322958737,color
0.9179545275982025,-3914.9812322958737,color
0.9179545275982025,-3914.9812322958737,color
0.9179545275982025,-3914.9812322958737,color
0.9179545275982025,-3914.9812322958737,color
0.9179545275982025,-3914.9812322958737,color
0.9179545275982025,-3914.9812322958737,color
0.9179545275982025,-3914.9812322958737,color
0.9179545275982025,-3914.9812322958737,color
0.9179545275982025,-3914.9812322958737,color
0.9179545275982025,-3914.9812322958737,color
0.9179545275982025,-3914.9812322958737,color
0.9179545275982025,-3914.9812322958737,color
0.9179545275982025,-3914.9812322958737,color
0.9179545275982025,-3914.9812322958737,color
0.9179545275982025,-3914.9812322958737,color
0.9179545275982025,-3914.9812322958737,color
0.9179545275982025,-3914.9812322958737,color
0.9179545275982025,-3914.9812322958737,color
0.9179545275982025,-3914.9812322958737,color
0.9179545275982025,-3914.9812322958737,color
0.9179545275982025,-3914.9812322958737,color
0.9179545275982025,-3914.9812322958737,color
0.9179545275982025,-3914.9812322958737,color
0.9179545275982025,-3914.9812322958737,color
0.9179545275982025,-3914.9812322958737,color
0.9179545275982025,-3914.9812322958737,color
0.9179545275982025,-3914.9812322958737,color
0.9179545275982025,-3914.9812322958737,color
0.9179545275982025,-3914.9812322958737,color
0.9179545275982025,-3914.9812322958737,color
0.9179545275982025,-3914.9812322958737,color
0.9179545275982025,-3914.9812322958737,color
0.9179545275982025,-3914.9812322958737,color
0.9179545275982025,-3914.9812322958737,color
0.9179545275982025,-3914.9812322958737,color
0.9179545275982025,-3914.9812322958737,color
0.9179545275982025,-3914.9812322958737,color
0.9179545275982025,-3914.9812322958737,color
0.8129928062986013,-3915.161139809035,color
0.8129928062986013,-3915.161139809035,color
0.8129928062986013,-3915.161139809035,color
0.8129928062986013,-3915.161139809035,color
0.8129928062986013,-3915.161139809035,color
0.8129928062986013,-3915.161139809035,color
0.8129928062986013,-3915.161139809035,color
0.8129928062986013,-3915.161139809035,color
0.8129928062986013,-3915.161139809035,color
0.8129928062986013,-3915.161139809035,color
0.8129928062986013,-3915.161139809035,color
0.8129928062986013,-3915.161139809035,color
0.8129928062986013,-3915.161139809035,color
0.8129928062986013,-3915.161139809035,color
0.8129928062986013,-3915.161139809035,color
0.8129928062986013,-3915.161139809035,color
0.8129928062986013,-3915.161139809035,color
0.8129928062986013,-3915.161139809035,color
0.8129928062986013,-3915.161139809035,color
0.8129928062986013,-3915.161139809035,color
0.8129928062986013,-3915.161139809035,color
0.8129928062986013,-3915.161139809035,color
0.8129928062986013,-3915.161139809035,color
0.8129928062986013,-3915.161139809035,color
0.8129928062986013,-3915.161139809035,color
0.8129928062986013,-3915.161139809035,color
0.8129928062986013,-3915.161139809035,color
0.8129928062986013,-3915.161139809035,color
0.8129928062986013,-3915.161139809035,color
0.8129928062986013,-3915.161139809035,color
0.8129928062986013,-3915.161139809035,color
0.8129928062986013,-3915.161139809035,color
0.8129928062986013,-3915.161139809035,color
0.8129928062986013,-3915.161139809035,color
0.8129928062986013,-3915.161139809035,color
0.8129928062986013,-3915.161139809035,color
0.8129928062986013,-3915.161139809035,color
0.8129928062986013,-3915.161139809035,color
0.8129928062986013,-3915.161139809035,color
0.8129928062986013,-3915.161139809035,color
0.8129928062986013,-3915.161139809035,color
0.8129928062986013,-3915.161139809035,color
0.8129928062986013,-3915.161139809035,color
0.8129928062986013,-3915.161139809035,color
0.8129928062986013,-3915.161139809035,color
0.8129928062986013,-3915.161139809035,color
0.8129928062986013,-3915.161139809035,color
0.8129928062986013,-3915.161139809035,color
0.8129928062986013,-3915.161139809035,color
0.8129928062986013,-3915.161139809035,color
0.8129928062986013,-3915.161139809035,color
0.8129928062986013,-3915.161139809035,color
0.8749303037284936,-3914.942528029312,color
0.8749303037284936,-3914.942528029312,color
0.7899512524376923,-3915.326102157744,color
0.7899512524376923,-3915.326102157744,color
0.7899512524376923,-3915.326102157744,color
0.7899512524376923,-3915.326102157744,color
0.7899512524376923,-3915.326102157744,color
0.7899512524376923,-3915.326102157744,color
0.7899512524376923,-3915.326102157744,color
0.7899512524376923,-3915.326102157744,color
0.7899512524376923,-3915.326102157744,color
0.7899512524376923,-3915.326102157744,color
0.7899512524376923,-3915.326102157744,color
0.7899512524376923,-3915.326102157744,color
0.7899512524376923,-3915.326102157744,color
0.7899512524376923,-3915.326102157744,color
0.7899512524376923,-3915.326102157744,color
0.7899512524376923,-3915.326102157744,color
0.7899512524376923,-3915.326102157744,color
0.7899512524376923,-3915.326102157744,color
0.7899512524376923,-3915.326102157744,color
0.7899512524376923,-3915.326102157744,color
0.7899512524376923,-3915.326102157744,color
0.7899512524376923,-3915.326102157744,color
0.7899512524376923,-3915.326102157744,color
0.7899512524376923,-3915.326102157744,color
0.7899512524376923,-3915.326102157744,color
0.7899512524376923,-3915.326102157744,color
0.7899512524376923,-3915.326102157744,color
0.7899512524376923,-3915.326102157744,color
0.7899512524376923,-3915.326102157744,color
0.7899512524376923,-3915.326102157744,color
0.7899512524376923,-3915.326102157744,color
0.7899512524376923,-3915.326102157744,color
0.7899512524376923,-3915.326102157744,color
0.7899512524376923,-3915.326102157744,color
0.7899512524376923,-3915.326102157744,color
0.7899512524376923,-3915.326102157744,color
0.7899512524376923,-3915.326102157744,color
0.7899512524376923,-3915.326102157744,color
0.7899512524376923,-3915.326102157744,color
0.7899512524376923,-3915.326102157744,color
0.7899512524376923,-3915.326102157744,color
0.7899512524376923,-3915.326102157744,color
0.7899512524376923,-3915.326102157744,color
0.7899512524376923,-3915.326102157744,color
0.7899512524376923,-3915.326102157744,color
0.9564326764527042,-3915.1462550802094,color
0.9564326764527042,-3915.1462550802094,color
0.9564326764527042,-3915.1462550802094,color
0.9564326764527042,-3915.1462550802094,color
0.9564326764527042,-3915.1462550802094,color
0.9564326764527042,-3915.1462550802094,color
0.9564326764527042,-3915.1462550802094,color
0.9564326764527042,-3915.1462550802094,color
0.9564326764527042,-3915.1462550802094,color
0.7762860862848462,-3915.4455487702458,color
0.7762860862848462,-3915.4455487702458,color
0.7762860862848462,-3915.4455487702458,color
0.7762860862848462,-3915.4455487702458,color
0.7762860862848462,-3915.4455487702458,color
0.9634177494966567,-3915.189291695975,color
0.9634177494966567,-3915.189291695975,color
0.9634177494966567,-3915.189291695975,color
0.9634177494966567,-3915.189291695975,color
0.9634177494966567,-3915.189291695975,color
0.9634177494966567,-3915.189291695975,color
0.9634177494966567,-3915.189291695975,color
0.9634177494966567,-3915.189291695975,color
0.9634177494966567,-3915.189291695975,color
0.9634177494966567,-3915.189291695975,color
0.9634177494966567,-3915.189291695975,color
0.7875862215042688,-3915.3456207938198,color
0.7875862215042688,-3915.3456207938198,color
0.7875862215042688,-3915.3456207938198,color
0.7875862215042688,-3915.3456207938198,color
0.7875862215042688,-3915.3456207938198,color
0.7875862215042688,-3915.3456207938198,color
0.7875862215042688,-3915.3456207938198,color
0.7875862215042688,-3915.3456207938198,color
0.7875862215042688,-3915.3456207938198,color
0.7875862215042688,-3915.3456207938198,color
0.7875862215042688,-3915.3456207938198,color
0.7875862215042688,-3915.3456207938198,color
0.7875862215042688,-3915.3456207938198,color
0.7875862215042688,-3915.3456207938198,color
0.7875862215042688,-3915.3456207938198,color
0.7652336198983483,-3915.5539758653363,color
0.7652336198983483,-3915.5539758653363,color
0.7652336198983483,-3915.5539758653363,color
0.7652336198983483,-3915.5539758653363,color
0.7652336198983483,-3915.5539758653363,color
0.7652336198983483,-3915.5539758653363,color
0.7652336198983483,-3915.5539758653363,color
0.7652336198983483,-3915.5539758653363,color
0.7652336198983483,-3915.5539758653363,color
0.7652336198983483,-3915.5539758653363,color
0.7652336198983483,-3915.5539758653363,color
0.7652336198983483,-3915.5539758653363,color
0.7652336198983483,-3915.5539758653363,color
0.7652336198983483,-3915.5539758653363,color
0.7652336198983483,-3915.5539758653363,color
0.7652336198983483,-3915.5539758653363,color
0.7652336198983483,-3915.5539758653363,color
0.7652336198983483,-3915.5539758653363,color
0.7652336198983483,-3915.5539758653363,color
0.7652336198983483,-3915.5539758653363,color
0.7652336198983483,-3915.5539758653363,color
0.7652336198983483,-3915.5539758653363,color
0.7652336198983483,-3915.5539758653363,color
0.7652336198983483,-3915.5539758653363,color
0.7652336198983483,-3915.5539758653363,color
0.7652336198983483,-3915.5539758653363,color
0.7652336198983483,-3915.5539758653363,color
0.7652336198983483,-3915.5539758653363,color
0.7652336198983483,-3915.5539758653363,color
0.7652336198983483,-3915.5539758653363,color
0.7652336198983483,-3915.5539758653363,color
0.7652336198983483,-3915.5539758653363,color
0.7652336198983483,-3915.5539758653363,color
0.7652336198983483,-3915.5539758653363,color
0.7652336198983483,-3915.5539758653363,color
0.7652336198983483,-3915.5539758653363,color
0.7652336198983483,-3915.5539758653363,color
0.7652336198983483,-3915.5539758653363,color
0.7652336198983483,-3915.5539758653363,color
0.7652336198983483,-3915.5539758653363,color
0.7652336198983483,-3915.5539758653363,color
0.7652336198983483,-3915.5539758653363,color
0.7652336198983483,-3915.5539758653363,color
0.7652336198983483,-3915.5539758653363,color
0.7652336198983483,-3915.5539758653363,color
0.7652336198983483,-3915.5539758653363,color
0.7652336198983483,-3915.5539758653363,color
0.7652336198983483,-3915.5539758653363,color
0.7652336198983483,-3915.5539758653363,color
0.7652336198983483,-3915.5539758653363,color
0.7652336198983483,-3915.5539758653363,color
0.7652336198983483,-3915.5539758653363,color
0.7652336198983483,-3915.5539758653363,color
0.7652336198983483,-3915.5539758653363,color
0.7652336198983483,-3915.5539758653363,color
0.7652336198983483,-3915.5539758653363,color
0.7652336198983483,-3915.5539758653363,color
0.7652336198983483,-3915.5539758653363,color
0.8924029839642428,-3914.9395556433033,color
0.8924029839642428,-3914.9395556433033,color
0.8924029839642428,-3914.9395556433033,color
0.8924029839642428,-3914.9395556433033,color
0.8924029839642428,-3914.9395556433033,color
0.8924029839642428,-3914.9395556433033,color
0.8924029839642428,-3914.9395556433033,color
0.8924029839642428,-3914.9395556433033,color
0.8924029839642428,-3914.9395556433033,color
0.8924029839642428,-3914.9395556433033,color
0.8924029839642428,-3914.9395556433033,color
0.8924029839642428,-3914.9395556433033,color
0.8924029839642428,-3914.9395556433033,color
0.8924029839642428,-3914.9395556433033,color
0.8924029839642428,-3914.9395556433033,color
0.8924029839642428,-3914.9395556433033,color
0.8924029839642428,-3914.9395556433033,color
0.8924029839642428,-3914.9395556433033,color
0.8924029839642428,-3914.9395556433033,color
0.8924029839642428,-3914.9395556433033,color
0.8924029839642428,-3914.9395556433033,color
0.8924029839642428,-3914.9395556433033,color
0.8924029839642428,-3914.9395556433033,color
0.8924029839642428,-3914.9395556433033,color
0.8924029839642428,-3914.9395556433033,color
0.8924029839642428,-3914.9395556433033,color
0.8924029839642428,-3914.9395556433033,color
0.8924029839642428,-3914.9395556433033,color
0.8924029839642428,-3914.9395556433033,color
0.8924029839642428,-3914.9395556433033,color
0.8924029839642428,-3914.9395556433033,color
0.8924029839642428,-3914.9395556433033,color
0.8924029839642428,-3914.9395556433033,color
0.8924029839642428,-3914.9395556433033,color
0.8924029839642428,-3914.9395556433033,color
0.759322262250441,-3915.616316226237,color
0.759322262250441,-3915.616316226237,color
0.759322262250441,-3915.616316226237,color
0.759322262250441,-3915.616316226237,color
0.759322262250441,-3915.616316226237,color
0.759322262250441,-3915.616316226237,color
0.759322262250441,-3915.616316226237,color
0.759322262250441,-3915.616316226237,color
0.759322262250441,-3915.616316226237,color
0.759322262250441,-3915.616316226237,color
0.759322262250441,-3915.616316226237,color
0.759322262250441,-3915.616316226237,color
0.759322262250441,-3915.616316226237,color
1.0172144458755503,-3915.6539135056837,color
1.0172144458755503,-3915.6539135056837,color
1.0172144458755503,-3915.6539135056837,color
1.0172144458755503,-3915.6539135056837,color
0.8080793346793507,-3915.192489503543,color
0.8080793346793507,-3915.192489503543,color
0.8080793346793507,-3915.192489503543,color
0.8080793346793507,-3915.192489503543,color
0.8080793346793507,-3915.192489503543,color
0.8080793346793507,-3915.192489503543,color
0.8080793346793507,-3915.192489503543,color
0.8080793346793507,-3915.192489503543,color
0.8080793346793507,-3915.192489503543,color
0.8080793346793507,-3915.192489503543,color
0.8080793346793507,-3915.192489503543,color
0.8080793346793507,-3915.192489503543,color
0.8080793346793507,-3915.192489503543,color
0.8080793346793507,-3915.192489503543,color
0.8080793346793507,-3915.192489503543,color
0.8080793346793507,-3915.192489503543,color
0.8080793346793507,-3915.192489503543,color
0.8155151687599423,-3915.145850408403,color
0.8155151687599423,-3915.145850408403,color
0.8155151687599423,-3915.145850408403,color
0.8155151687599423,-3915.145850408403,color
0.8155151687599423,-3915.145850408403,color
0.8155151687599423,-3915.145850408403,color
0.8155151687599423,-3915.145850408403,color
0.8155151687599423,-3915.145850408403,color
0.8155151687599423,-3915.145850408403,color
0.8155151687599423,-3915.145850408403,color
0.8155151687599423,-3915.145850408403,color
0.8155151687599423,-3915.145850408403,color
0.8155151687599423,-3915.145850408403,color
0.8155151687599423,-3915.145850408403,color
0.8155151687599423,-3915.145850408403,color
0.8155151687599423,-3915.145850408403,color
0.8155151687599423,-3915.145850408403,color
0.8155151687599423,-3915.145850408403,color
0.8155151687599423,-3915.145850408403,color
0.8155151687599423,-3915.145850408403,color
0.8155151687599423,-3915.145850408403,color
0.8155151687599423,-3915.145850408403,color
0.8155151687599423,-3915.145850408403,color
0.8155151687599423,-3915.145850408403,color
0.8155151687599423,-3915.145850408403,color
0.8155151687599423,-3915.145850408403,color
0.8155151687599423,-3915.145850408403,color
0.8155151687599423,-3915.145850408403,color
0.8155151687599423,-3915.145850408403,color
0.8155151687599423,-3915.145850408403,color
0.8155151687599423,-3915.145850408403,color
0.8155151687599423,-3915.145850408403,color
0.801970040904734,-3915.234359698307,color
0.801970040904734,-3915.234359698307,color
0.801970040904734,-3915.234359698307,color
0.801970040904734,-3915.234359698307,color
0.801970040904734,-3915.234359698307,color
0.801970040904734,-3915.234359698307,color
0.801970040904734,-3915.234359698307,color
0.801970040904734,-3915.234359698307,color
0.801970040904734,-3915.234359698307,color
0.801970040904734,-3915.234359698307,color
0.801970040904734,-3915.234359698307,color
0.801970040904734,-3915.234359698307,color
0.801970040904734,-3915.234359698307,color
0.801970040904734,-3915.234359698307,color
0.801970040904734,-3915.234359698307,color
0.801970040904734,-3915.234359698307,color
0.801970040904734,-3915.234359698307,color
0.801970040904734,-3915.234359698307,color
0.801970040904734,-3915.234359698307,color
0.801970040904734,-3915.234359698307,color
0.801970040904734,-3915.234359698307,color
0.801970040904734,-3915.234359698307,color
0.801970040904734,-3915.234359698307,color
0.801970040904734,-3915.234359698307,color
0.801970040904734,-3915.234359698307,color
0.801970040904734,-3915.234359698307,color
0.801970040904734,-3915.234359698307,color
1.029218606173918,-3915.7894844070993,color
1.029218606173918,-3915.7894844070993,color
1.029218606173918,-3915.7894844070993,color
1.029218606173918,-3915.7894844070993,color
1.029218606173918,-3915.7894844070993,color
1.029218606173918,-3915.7894844070993,color
1.029218606173918,-3915.7894844070993,color
1.029218606173918,-3915.7894844070993,color
1.029218606173918,-3915.7894844070993,color
1.029218606173918,-3915.7894844070993,color
1.029218606173918,-3915.7894844070993,color
1.029218606173918,-3915.7894844070993,color
1.029218606173918,-3915.7894844070993,color
1.029218606173918,-3915.7894844070993,color
1.029218606173918,-3915.7894844070993,color
1.029218606173918,-3915.7894844070993,color
1.029218606173918,-3915.7894844070993,color
